{
  "precision": 0.4519230769230769,
  "recall": 0.94,
  "f1_score": 0.6103896103896104,
  "confusion_matrix": [
    [
      943,
      57
    ],
    [
      3,
      47
    ]
  ],
  "precision_at_10": 1.0,
  "precision_at_50": 0.82,
  "precision_at_100": 0.47,
  "timestamp": "2026-01-22T19:01:03.545147"
}