{
  "precision": 0.5743589743589743,
  "recall": 0.9333333333333333,
  "f1_score": 0.7111111111111111,
  "confusion_matrix": [
    [
      1863,
      83
    ],
    [
      8,
      112
    ]
  ],
  "timestamp": "2026-03-31T21:11:42.212988",
  "precision_at_10": 0.9,
  "precision_at_50": 0.92,
  "precision_at_100": 0.83
}